{
  "globalDependencies": {
    "body-parser": "registry:dt/body-parser#0.0.0+20160619023215",
    "express": "registry:dt/express#4.0.0+20160317120654",
    "express-serve-static-core": "registry:dt/express-serve-static-core#0.0.0+20160617060422",
    "method-override": "registry:dt/method-override#0.0.0+20160317120654",
    "mime": "registry:dt/mime#0.0.0+20160316155526",
    "node": "registry:dt/node#6.0.0+20160621231320",
    "serve-static": "registry:dt/serve-static#0.0.0+20160606155157"
  }
}
